<?xml version = '1.0' encoding = 'UTF-8'?>
<?xml-stylesheet type="text/xsl" href="/static/static/style/plugins.xsl" ?>
<plugins>
    <pyqgis_plugin name="Minimal" version="1.0" plugin_id="1">
        <description>Minimal plugin</description>
        <about>Minimal plugin</about>
        <version>1.0</version>
        <trusted>True</trusted>
        <qgis_minimum_version>3.0</qgis_minimum_version>
        <qgis_maximum_version>3.99</qgis_maximum_version>
        <homepage><![CDATA[http://www.itopen.it/2010/10/21/wkt-on-the-fly-qgis-plugin/]]></homepage>
        <file_name>QuickWKT.3.1.zip</file_name>
        <icon>/media/packages/2016/quickwkt_icon_qsf96s5.png</icon>
        <author_name>Martin Dobias</author_name>
        <download_url>https://plugins.qgis.org/plugins/QuickWKT/version/3.1/download/</download_url>
        <uploaded_by><![CDATA[elpaso]]></uploaded_by>
        <create_date>2011-05-19T05:53:59.287786+00:00</create_date>
        <update_date>2018-05-30T11:35:58.436556+00:00</update_date>
        <experimental>False</experimental>
        <deprecated>False</deprecated>
        <tracker><![CDATA[https://github.com/elpaso/quickwkt/issues]]></tracker>
        <repository><![CDATA[https://github.com/elpaso/quickwkt]]></repository>
        <tags><![CDATA[wkt,viewer]]></tags>
        <downloads>146527</downloads>
        <average_vote>4.696143086796369</average_vote>
        <rating_votes>79</rating_votes>
        <external_dependencies></external_dependencies>
        <server>False</server>
    </pyqgis_plugin>
</plugins>
